Locus, Allele,Foward Bracket Notation,Reverse Bracket Notation, Forward sequence, Reverse sequence, Reverse complement?, Coverage of majority peaks, Strand bias, Read bias, Stutter ratio, Stutter coverage, Percentage of non-majority peaks 
CSF1PO,10,[AGAT]10,[ATCT]10,AGATAGATAGATAGATAGATAGATAGATAGATAGATAGAT,ATCTATCTATCTATCTATCTATCTATCTATCTATCTATCT,True,13895,0.4977,0.4996,0.0592,822,0.0533
CSF1PO,10,[AGAT]10,[ATCT]10,AGATAGATAGATAGATAGATAGATAGATAGATAGATAGAT,ATCTATCTATCTATCTATCTATCTATCTATCTATCTATCT,True,N/A,N/A,N/A,N/A,N/A,N/A
D10S1248,15,[GGAA]15,[TTCC]15,GGAAGGAAGGAAGGAAGGAAGGAAGGAAGGAAGGAAGGAAGGAAGGAAGGAAGGAAGGAA,TTCCTTCCTTCCTTCCTTCCTTCCTTCCTTCCTTCCTTCCTTCCTTCCTTCCTTCCTTCC,True,2373,0.4429,0.4791,0.1399,332,0.184
D10S1248,16,[GGAA]16,[TTCC]16,GGAAGGAAGGAAGGAAGGAAGGAAGGAAGGAAGGAAGGAAGGAAGGAAGGAAGGAAGGAAGGAA,TTCCTTCCTTCCTTCCTTCCTTCCTTCCTTCCTTCCTTCCTTCCTTCCTTCCTTCCTTCCTTCC,True,2085,0.424,0.493,N/A,N/A,0.2096
D12S391,21,[AGAT]13[AGAC]8,[GTCT]8[ATCT]13,AGATAGATAGATAGATAGATAGATAGATAGATAGATAGATAGATAGATAGATAGACAGACAGACAGACAGACAGACAGACAGAC,GTCTGTCTGTCTGTCTGTCTGTCTGTCTGTCTATCTATCTATCTATCTATCTATCTATCTATCTATCTATCTATCTATCTATCT,True,2049,0.4944,0.4998,0.1376,282,0.1452
D12S391,23,[AGAT]14[AGAC]8[AGAT],[ATCT][GTCT]8[ATCT]14,AGATAGATAGATAGATAGATAGATAGATAGATAGATAGATAGATAGATAGATAGATAGACAGACAGACAGACAGACAGACAGACAGACAGAT,ATCTGTCTGTCTGTCTGTCTGTCTGTCTGTCTGTCTATCTATCTATCTATCTATCTATCTATCTATCTATCTATCTATCTATCTATCTATCT,True,2609,0.4921,0.4956,0.1698,443,0.1565
D13S317,10,[TATC]10,[GATA]10,TATCTATCTATCTATCTATCTATCTATCTATCTATCTATC,GATAGATAGATAGATAGATAGATAGATAGATAGATAGATA,True,13229,0.4967,0.4983,0.0577,763,0.0584
D13S317,13,[TATC]13,[GATA]13,TATCTATCTATCTATCTATCTATCTATCTATCTATCTATCTATCTATCTATC,GATAGATAGATAGATAGATAGATAGATAGATAGATAGATAGATAGATAGATA,True,17190,0.4956,0.4976,0.0831,1428,0.0765
D16S539,9,[GATA]9,[TATC]9,GATAGATAGATAGATAGATAGATAGATAGATAGATA,TATCTATCTATCTATCTATCTATCTATCTATCTATC,True,9739,0.4906,0.4943,0.0697,679,0.0485
D16S539,12,[GATA]12,[TATC]12,GATAGATAGATAGATAGATAGATAGATAGATAGATAGATAGATAGATA,TATCTATCTATCTATCTATCTATCTATCTATCTATCTATCTATCTATC,True,11549,0.4862,0.4915,0.107,1236,0.0728
D18S51,10,[AGAA]10,[TTCT]10,AGAAAGAAAGAAAGAAAGAAAGAAAGAAAGAAAGAAAGAA,TTCTTTCTTTCTTTCTTTCTTTCTTTCTTTCTTTCTTTCT,True,7846,0.4994,0.4994,0.0608,477,0.0685
D18S51,17,[AGAA]17,[TTCT]17,AGAAAGAAAGAAAGAAAGAAAGAAAGAAAGAAAGAAAGAAAGAAAGAAAGAAAGAAAGAAAGAAAGAA,TTCTTTCTTTCTTTCTTTCTTTCTTTCTTTCTTTCTTTCTTTCTTTCTTTCTTTCTTTCTTTCTTTCT,True,14218,0.4923,0.4978,0.1459,2075,0.1138
D19S433,15,[AAGG][AAAG][AAGG][TAGG][AAGG]13,[CCTT]13[CCTA][CCTT][CTTT][CCTT],AAGGAAAGAAGGTAGGAAGGAAGGAAGGAAGGAAGGAAGGAAGGAAGGAAGGAAGGAAGGAAGGAAGG,CCTTCCTTCCTTCCTTCCTTCCTTCCTTCCTTCCTTCCTTCCTTCCTTCCTTCCTACCTTCTTTCCTT,True,16400,0.442,0.4796,0.142,2328,0.1582
D19S433,15,[AAGG][AAAG][AAGG][TAGG][AAGG]13,[CCTT]13[CCTA][CCTT][CTTT][CCTT],AAGGAAAGAAGGTAGGAAGGAAGGAAGGAAGGAAGGAAGGAAGGAAGGAAGGAAGGAAGGAAGGAAGG,CCTTCCTTCCTTCCTTCCTTCCTTCCTTCCTTCCTTCCTTCCTTCCTTCCTTCCTACCTTCTTTCCTT,True,N/A,N/A,N/A,N/A,N/A,N/A
D1S1656,11,[TAGA]11TG,CA[TCTA]11,TAGATAGATAGATAGATAGATAGATAGATAGATAGATAGATAGATG,CATCTATCTATCTATCTATCTATCTATCTATCTATCTATCTATCTA,True,3915,0.4978,0.4991,0.1093,428,0.0548
D1S1656,16,[TAGA]15TAGGTG,CACCTA[TCTA]15,TAGATAGATAGATAGATAGATAGATAGATAGATAGATAGATAGATAGATAGATAGATAGATAGGTG,CACCTATCTATCTATCTATCTATCTATCTATCTATCTATCTATCTATCTATCTATCTATCTATCTA,True,4626,0.4985,0.4989,0.1831,847,0.0903
D21S11,28,[TCTA]4[TCTG]6[TCTA]3TA[TCTA]3TCA[TCTA]2TCCATA[TCTA]10,[TAGA]10TATGGA[TAGA]2TGA[TAGA]3TA[TAGA]3[CAGA]6[TAGA]4,TCTATCTATCTATCTATCTGTCTGTCTGTCTGTCTGTCTGTCTATCTATCTATATCTATCTATCTATCATCTATCTATCCATATCTATCTATCTATCTATCTATCTATCTATCTATCTATCTA,TAGATAGATAGATAGATAGATAGATAGATAGATAGATAGATATGGATAGATAGATGATAGATAGATAGATATAGATAGATAGACAGACAGACAGACAGACAGACAGATAGATAGATAGATAGA,True,21854,0.4915,0.4881,0.0772,1687,0.1797
D21S11,28,[TCTA]4[TCTG]6[TCTA]3TA[TCTA]3TCA[TCTA]2TCCATA[TCTA]10,[TAGA]10TATGGA[TAGA]2TGA[TAGA]3TA[TAGA]3[CAGA]6[TAGA]4,TCTATCTATCTATCTATCTGTCTGTCTGTCTGTCTGTCTGTCTATCTATCTATATCTATCTATCTATCATCTATCTATCCATATCTATCTATCTATCTATCTATCTATCTATCTATCTATCTA,TAGATAGATAGATAGATAGATAGATAGATAGATAGATAGATATGGATAGATAGATGATAGATAGATAGATATAGATAGATAGACAGACAGACAGACAGACAGACAGATAGATAGATAGATAGA,True,N/A,N/A,N/A,N/A,N/A,N/A
D22S1045,8,[ATT]5[ACT][ATT]2,[AAT]2[AGT][AAT]5,ATTATTATTATTATTACTATTATT,AATAATAGTAATAATAATAATAAT,True,1920,0.4984,0.4984,N/A,N/A,0.0159
D22S1045,17,[ATT]14[ACT][ATT]2,[AAT]2[AGT][AAT]14,ATTATTATTATTATTATTATTATTATTATTATTATTATTATTACTATTATT,AATAATAGTAATAATAATAATAATAATAATAATAATAATAATAATAATAAT,True,2567,0.4959,0.4979,0.1901,488,0.0464
D2S1338,19,[TGCC]6[TTCC]13,[GGAA]13[GGCA]6,TGCCTGCCTGCCTGCCTGCCTGCCTTCCTTCCTTCCTTCCTTCCTTCCTTCCTTCCTTCCTTCCTTCCTTCCTTCC,GGAAGGAAGGAAGGAAGGAAGGAAGGAAGGAAGGAAGGAAGGAAGGAAGGAAGGCAGGCAGGCAGGCAGGCAGGCA,True,8639,0.4886,0.4869,0.1254,1083,0.1664
D2S1338,22,[TGCC]7[TTCC]12GTCC[TTCC]2,[GGAA]2GGAC[GGAA]12[GGCA]7,TGCCTGCCTGCCTGCCTGCCTGCCTGCCTTCCTTCCTTCCTTCCTTCCTTCCTTCCTTCCTTCCTTCCTTCCTTCCGTCCTTCCTTCC,GGAAGGAAGGACGGAAGGAAGGAAGGAAGGAAGGAAGGAAGGAAGGAAGGAAGGAAGGAAGGCAGGCAGGCAGGCAGGCAGGCAGGCA,True,10234,0.4802,0.472,0.1091,1117,0.2121
D2S441,11,[TCTA]11,[TAGA]11,TCTATCTATCTATCTATCTATCTATCTATCTATCTATCTATCTA,TAGATAGATAGATAGATAGATAGATAGATAGATAGATAGATAGA,True,3470,0.4997,0.4991,0.081,281,0.0617
D2S441,14,[TCTA]11[TTTA][TCTA]2,[TAGA]2[TAAA][TAGA]11,TCTATCTATCTATCTATCTATCTATCTATCTATCTATCTATCTATTTATCTATCTA,TAGATAGATAAATAGATAGATAGATAGATAGATAGATAGATAGATAGATAGATAGA,True,5281,0.4969,0.4978,0.0454,240,0.0865
D3S1358,16,A[TCTA][TCTG]2[TCTA]12TCT,AGA[TAGA]12[CAGA]2[TAGA]T,ATCTATCTGTCTGTCTATCTATCTATCTATCTATCTATCTATCTATCTATCTATCTATCTATCT,AGATAGATAGATAGATAGATAGATAGATAGATAGATAGATAGATAGATAGACAGACAGATAGAT,True,7290,0.4948,0.4957,0.1272,927,0.1826
D3S1358,17,A[TCTA][TCTG]3[TCTA]12TCT,AGA[TAGA]12[CAGA]3[TAGA]T,ATCTATCTGTCTGTCTGTCTATCTATCTATCTATCTATCTATCTATCTATCTATCTATCTATCTATCT,AGATAGATAGATAGATAGATAGATAGATAGATAGATAGATAGATAGATAGACAGACAGACAGATAGAT,True,7191,0.4971,0.4937,N/A,N/A,0.1029
D5S818,10,[AGAT]10,[ATCT]10,AGATAGATAGATAGATAGATAGATAGATAGATAGATAGAT,ATCTATCTATCTATCTATCTATCTATCTATCTATCTATCT,True,8871,0.4954,0.4997,0.0601,533,0.0515
D5S818,11,[AGAT]11,[ATCT]11,AGATAGATAGATAGATAGATAGATAGATAGATAGATAGATAGAT,ATCTATCTATCTATCTATCTATCTATCTATCTATCTATCTATCT,True,10415,0.4964,0.4977,N/A,N/A,0.0482
D7S820,8,[GATA]8,[TATC]8,GATAGATAGATAGATAGATAGATAGATAGATA,TATCTATCTATCTATCTATCTATCTATCTATC,True,11887,0.4958,0.4983,0.0593,705,0.0423
D7S820,10,[GATA]10,[TATC]10,GATAGATAGATAGATAGATAGATAGATAGATAGATAGATA,TATCTATCTATCTATCTATCTATCTATCTATCTATCTATC,True,11937,0.4946,0.4984,0.0824,984,0.0524
D8S1179,12,[TCTA]12,[TAGA]12,TCTATCTATCTATCTATCTATCTATCTATCTATCTATCTATCTATCTA,TAGATAGATAGATAGATAGATAGATAGATAGATAGATAGATAGATAGA,True,8080,0.4932,0.497,0.0937,757,0.0534
D8S1179,15,[TCTA]2[TCTG][TCTA]12,[TAGA]12[CAGA][TAGA]2,TCTATCTATCTGTCTATCTATCTATCTATCTATCTATCTATCTATCTATCTATCTATCTA,TAGATAGATAGATAGATAGATAGATAGATAGATAGATAGATAGATAGACAGATAGATAGA,True,9005,0.4925,0.4965,0.0984,886,0.0778
FGA,22,[TTTC]3[TTTT][TTCT][CTTT]14[CTCC][TTCC]2,[GGAA]2[GGAG][AAAG]14[AGAA][AAAA][GAAA]3,TTTCTTTCTTTCTTTTTTCTCTTTCTTTCTTTCTTTCTTTCTTTCTTTCTTTCTTTCTTTCTTTCTTTCTTTCTTTCTCCTTCCTTCC,GGAAGGAAGGAGAAAGAAAGAAAGAAAGAAAGAAAGAAAGAAAGAAAGAAAGAAAGAAAGAAAGAAAGAGAAAAAAGAAAGAAAGAAA,True,9180,0.4758,0.4935,0.1112,1021,0.1152
FGA,23,[TTTC]3[TTTT][TTCT][CTTT]15[CTCC][TTCC]2,[GGAA]2[GGAG][AAAG]15[AGAA][AAAA][GAAA]3,TTTCTTTCTTTCTTTTTTCTCTTTCTTTCTTTCTTTCTTTCTTTCTTTCTTTCTTTCTTTCTTTCTTTCTTTCTTTCTTTCTCCTTCCTTCC,GGAAGGAAGGAGAAAGAAAGAAAGAAAGAAAGAAAGAAAGAAAGAAAGAAAGAAAGAAAGAAAGAAAGAAAGAGAAAAAAGAAAGAAAGAAA,True,7962,0.465,0.4932,N/A,N/A,0.1217
PentaD,8,[AAAGA]8 (flanks removed),[TCTTT]8 (flanks removed),GAAAGAAAAAAAAGAAAGAAAAGAAAAGAAAAGAAAAGAAAAGAAAAGAAAAGAAAAAACGAAGGGGAAAAAAA,TTTTTTTCCCCTTCGTTTTTTCTTTTCTTTTCTTTTCTTTTCTTTTCTTTTCTTTTCTTTCTTTTTTTTCTTTC,True,11530,0.4764,0.4947,0.0073,84,0.1288
PentaD,12,[AAAGA]12 (flanks removed),[TCTTT]12 (flanks removed),GAAAGAAAAAAAAGAAAGAAAAGAAAAGAAAAGAAAAGAAAAGAAAAGAAAAGAAAAGAAAAGAAAAGAAAAGAAAAAACGAAGGGGAAAAAAA,TTTTTTTCCCCTTCGTTTTTTCTTTTCTTTTCTTTTCTTTTCTTTTCTTTTCTTTTCTTTTCTTTTCTTTTCTTTTCTTTCTTTTTTTTCTTTC,True,15787,0.4583,0.4931,0.0196,310,0.1598
PentaE,14,[AAAGA]14,[TCTTT]14,AAAGAAAAGAAAAGAAAAGAAAAGAAAAGAAAAGAAAAGAAAAGAAAAGAAAAGAAAAGAAAAGAAAAGA,TCTTTTCTTTTCTTTTCTTTTCTTTTCTTTTCTTTTCTTTTCTTTTCTTTTCTTTTCTTTTCTTTTCTTT,True,6238,0.4958,0.4997,0.0699,436,0.0975
PentaE,15,[AAAGA]15,[TCTTT]15,AAAGAAAAGAAAAGAAAAGAAAAGAAAAGAAAAGAAAAGAAAAGAAAAGAAAAGAAAAGAAAAGAAAAGAAAAGA,TCTTTTCTTTTCTTTTCTTTTCTTTTCTTTTCTTTTCTTTTCTTTTCTTTTCTTTTCTTTTCTTTTCTTTTCTTT,True,5663,0.4907,0.4971,N/A,N/A,0.0907
TH01,7,ATG[AATG]6A,T[CATT]6CAT,ATGAATGAATGAATGAATGAATGAATGA,TCATTCATTCATTCATTCATTCATTCAT,True,11031,0.4835,0.4863,0.0412,454,0.0499
TH01,9,ATG[AATG]8A,T[CATT]8CAT,ATGAATGAATGAATGAATGAATGAATGAATGAATGA,TCATTCATTCATTCATTCATTCATTCATTCATTCAT,True,12322,0.4812,0.484,0.064,789,0.0595
TPOX,9,[AATG]9,[CATT]9,AATGAATGAATGAATGAATGAATGAATGAATGAATG,CATTCATTCATTCATTCATTCATTCATTCATTCATT,True,8722,0.4934,0.4944,0.0416,363,0.0507
TPOX,11,[AATG]11,[CATT]11,AATGAATGAATGAATGAATGAATGAATGAATGAATGAATGAATG,CATTCATTCATTCATTCATTCATTCATTCATTCATTCATTCATT,True,9343,0.4942,0.4946,0.0598,559,0.0595
vWA,17,[TCTA][TCTG]4[TCTA]12[TCCA][TCTA],[TAGA][TGGA][TAGA]12[CAGA]4[TAGA],TCTATCTGTCTGTCTGTCTGTCTATCTATCTATCTATCTATCTATCTATCTATCTATCTATCTATCTATCCATCTA,TAGATGGATAGATAGATAGATAGATAGATAGATAGATAGATAGATAGATAGATAGACAGACAGACAGACAGATAGA,True,9611,0.4994,0.4967,0.1161,1116,0.114
vWA,18,[TCTA][TCTG]4[TCTA]13[TCCA][TCTA],[TAGA][TGGA][TAGA]13[CAGA]4[TAGA],TCTATCTGTCTGTCTGTCTGTCTATCTATCTATCTATCTATCTATCTATCTATCTATCTATCTATCTATCTATCCATCTA,TAGATGGATAGATAGATAGATAGATAGATAGATAGATAGATAGATAGATAGATAGATAGACAGACAGACAGACAGATAGA,True,8028,0.499,0.495,N/A,N/A,0.1205
,,,,,,,,,,,,
,,,,,,,,,,,,
Locus, Peak height ratio ,,,,,,,,,,,
CSF1PO,N/A,,,,,,,,,,,
D10S1248,0.8786,,,,,,,,,,,
D12S391,0.7854,,,,,,,,,,,
D13S317,0.7696,,,,,,,,,,,
D16S539,0.8433,,,,,,,,,,,
D18S51,0.5518,,,,,,,,,,,
D19S433,N/A,,,,,,,,,,,
D1S1656,0.8463,,,,,,,,,,,
D21S11,N/A,,,,,,,,,,,
D22S1045,0.748,,,,,,,,,,,
D2S1338,0.8441,,,,,,,,,,,
D2S441,0.6571,,,,,,,,,,,
D3S1358,0.9864,,,,,,,,,,,
D5S818,0.8518,,,,,,,,,,,
D7S820,0.9958,,,,,,,,,,,
D8S1179,0.8973,,,,,,,,,,,
FGA,0.8673,,,,,,,,,,,
PentaD,0.7303,,,,,,,,,,,
PentaE,0.9078,,,,,,,,,,,
TH01,0.8952,,,,,,,,,,,
TPOX,0.9335,,,,,,,,,,,
vWA,0.8353,,,,,,,,,,,
,,,,,,,,,,,,
